id,キャンペーン名,分類
dOB,【お電話でご入会】,OB
OB,【お電話でご入会】,OB
d19062001,dミールキットご入会特別キャンペーン,転換＆直入会
d21111812,dミールキット_ご入会特別キャンペーン,体験入会
d21120701,dミールキット_ご入会特別キャンペーン,体験入会
d21122002,dミールキット_ご入会特別キャンペーン,体験入会
d21080401,dミールキット_ペイド,体験入会
d21111811,お誕生月,体験入会
d21122001,お誕生月,体験入会
d21100501,dミールキット_ペイド,体験入会
d20061803,子育て応援プログラム会員,子育て
d21092901,dミールキット_DS,DS
d21102601,dミールキット_DS,DS
d20052801,dカードゴールド,dカード
d20060401,dカードゴールド,dカード
d20061101,dカードゴールド,dカード
d20061801,dカードゴールド,dカード
d20062501,dカードゴールド,dカード
d20070201,dカードゴールド,dカード
d20070901,dカードゴールド,dカード
d20071601,dカードゴールド,dカード
d20072301,dカードゴールド,dカード
d20073001,dカードゴールド,dカード
d20080601,dカードゴールド,dカード
d20081301,dカードゴールド,dカード
d20082001,dカードゴールド,dカード
d20082701,dカードゴールド,dカード
d20090301,dカードゴールド,dカード
d20091001,dカードゴールド,dカード
d20091701,dカードゴールド,dカード
d20092401,dカードゴールド,dカード
d20100101,dカードゴールド,dカード
d20100801,dカードゴールド,dカード
d20101501,dカードゴールド,dカード
d20102201,dカードゴールド,dカード
d20102901,dカードゴールド,dカード
d20110501,dカードゴールド,dカード
d20111201,dカードゴールド,dカード
d20111901,dカードゴールド,dカード
d20112601,dカードゴールド,dカード
d20120301,dカードゴールド,dカード
d20121001,dカードゴールド,dカード
d20121701,dカードゴールド,dカード
d20122401,dカードゴールド,dカード
d20123101,dカードゴールド,dカード
d21010701,dカードゴールド,dカード
d21011401,dカードゴールド,dカード
d21012101,dカードゴールド,dカード
d21012801,dカードゴールド,dカード
d21020401,dカードゴールド,dカード
d21021101,dカードゴールド,dカード
d21021801,dカードゴールド,dカード
d21022501,dカードゴールド,dカード
d21030401,dカードゴールド,dカード
d21031101,dカードゴールド,dカード
d21031801,dカードゴールド,dカード
d21032501,dカードゴールド,dカード
d21040101,dカードゴールド,dカード
d21040801,dカードゴールド,dカード
d21041501,dカードゴールド,dカード
d21042201,dカードゴールド,dカード
d21042901,dカードゴールド,dカード
d21050601,dカードゴールド,dカード
d21051301,dカードゴールド,dカード
d21052001,dカードゴールド,dカード
d21052701,dカードゴールド,dカード
d21060301,dカードゴールド,dカード
d21061001,dカードゴールド,dカード
d21061701,dカードゴールド,dカード
d21062401,dカードゴールド,dカード
d20052802,dカードゴールド,dカード
d20060402,dカードゴールド,dカード
d20061102,dカードゴールド,dカード
d20061802,dカードゴールド,dカード
d20062502,dカードゴールド,dカード
d20070202,dカードゴールド,dカード
d20070902,dカードゴールド,dカード
d20071602,dカードゴールド,dカード
d20072302,dカードゴールド,dカード
d20073002,dカードゴールド,dカード
d20080602,dカードゴールド,dカード
d20081302,dカードゴールド,dカード
d20082002,dカードゴールド,dカード
d20082702,dカードゴールド,dカード
d20090302,dカードゴールド,dカード
d20091002,dカードゴールド,dカード
d20091702,dカードゴールド,dカード
d20092402,dカードゴールド,dカード
d20100102,dカードゴールド,dカード
d20100802,dカードゴールド,dカード
d20101502,dカードゴールド,dカード
d20102202,dカードゴールド,dカード
d20102902,dカードゴールド,dカード
d20110502,dカードゴールド,dカード
d20111202,dカードゴールド,dカード
d20111902,dカードゴールド,dカード
d20112602,dカードゴールド,dカード
d20120302,dカードゴールド,dカード
d20121002,dカードゴールド,dカード
d20121702,dカードゴールド,dカード
d20122402,dカードゴールド,dカード
d20123102,dカードゴールド,dカード
d21010702,dカードゴールド,dカード
d21011402,dカードゴールド,dカード
d21012102,dカードゴールド,dカード
d21012802,dカードゴールド,dカード
d21020402,dカードゴールド,dカード
d21021102,dカードゴールド,dカード
d21021802,dカードゴールド,dカード
d21022502,dカードゴールド,dカード
d21030402,dカードゴールド,dカード
d21031102,dカードゴールド,dカード
d21031802,dカードゴールド,dカード
d21032502,dカードゴールド,dカード
d21040102,dカードゴールド,dカード
d21040802,dカードゴールド,dカード
d21041502,dカードゴールド,dカード
d21042202,dカードゴールド,dカード
d21042902,dカードゴールド,dカード
d21050602,dカードゴールド,dカード
d21051302,dカードゴールド,dカード
d21052002,dカードゴールド,dカード
d21052702,dカードゴールド,dカード
d21060302,dカードゴールド,dカード
d21061002,dカードゴールド,dカード
d21061702,dカードゴールド,dカード
d21062402,dカードゴールド,dカード
d21051805,dカードゴールド,dカード
d21051806,dカードゴールド,dカード
d21051807,dカードゴールド,dカード
d21051808,dカードゴールド,dカード
d21051801,dカードゴールド,dカード
d21051802,dカードゴールド,dカード
d21051803,dカードゴールド,dカード
d21051804,dカードゴールド,dカード
d21051303,dカードゴールド,dカード
d21052003,dカードゴールド,dカード
d21052703,dカードゴールド,dカード
d21060303,dカードゴールド,dカード
d21061003,dカードゴールド,dカード
d21061703,dカードゴールド,dカード
d21062403,dカードゴールド,dカード
d21070101,dカードゴールド,dカード
d21070801,dカードゴールド,dカード
d21071501,dカードゴールド,dカード
d21072201,dカードゴールド,dカード
d21072901,dカードゴールド,dカード
d21080501,dカードゴールド,dカード
d21081201,dカードゴールド,dカード
d21081901,dカードゴールド,dカード
d21082601,dカードゴールド,dカード
d21090201,dカードゴールド,dカード
d21090901,dカードゴールド,dカード
d21091601,dカードゴールド,dカード
d21092301,dカードゴールド,dカード
d21093001,dカードゴールド,dカード
d21100701,dカードゴールド,dカード
d21101401,dカードゴールド,dカード
d21102101,dカードゴールド,dカード
d21102801,dカードゴールド,dカード
d21110401,dカードゴールド,dカード
d21111101,dカードゴールド,dカード
d21111801,dカードゴールド,dカード
d21112501,dカードゴールド,dカード
d21120201,dカードゴールド,dカード
d21120901,dカードゴールド,dカード
d21121601,dカードゴールド,dカード
d21122301,dカードゴールド,dカード
d21123001,dカードゴールド,dカード
d22010601,dカードゴールド,dカード
d22011301,dカードゴールド,dカード
d22012001,dカードゴールド,dカード
d22012701,dカードゴールド,dカード
d22020301,dカードゴールド,dカード
d22021001,dカードゴールド,dカード
d22021701,dカードゴールド,dカード
d22022401,dカードゴールド,dカード
d22030301,dカードゴールド,dカード
d22031001,dカードゴールド,dカード
d22031701,dカードゴールド,dカード
d22032401,dカードゴールド,dカード
d22033101,dカードゴールド,dカード
d22040701,dカードゴールド,dカード
d22041401,dカードゴールド,dカード
d22042101,dカードゴールド,dカード
d22042801,dカードゴールド,dカード
d22050501,dカードゴールド,dカード
d22051201,dカードゴールド,dカード
d22051901,dカードゴールド,dカード
d22052601,dカードゴールド,dカード
d22060201,dカードゴールド,dカード
d22060901,dカードゴールド,dカード
d22061601,dカードゴールド,dカード
d22062301,dカードゴールド,dカード
d21051304,dカードゴールド,dカード
d21052004,dカードゴールド,dカード
d21052704,dカードゴールド,dカード
d21060304,dカードゴールド,dカード
d21061004,dカードゴールド,dカード
d21061704,dカードゴールド,dカード
d21062404,dカードゴールド,dカード
d21070102,dカードゴールド,dカード
d21070802,dカードゴールド,dカード
d21071502,dカードゴールド,dカード
d21072202,dカードゴールド,dカード
d21072902,dカードゴールド,dカード
d21080502,dカードゴールド,dカード
d21081202,dカードゴールド,dカード
d21081902,dカードゴールド,dカード
d21082602,dカードゴールド,dカード
d21090202,dカードゴールド,dカード
d21090902,dカードゴールド,dカード
d21091602,dカードゴールド,dカード
d21092302,dカードゴールド,dカード
d21093002,dカードゴールド,dカード
d21100702,dカードゴールド,dカード
d21101402,dカードゴールド,dカード
d21102102,dカードゴールド,dカード
d21102802,dカードゴールド,dカード
d21110402,dカードゴールド,dカード
d21111102,dカードゴールド,dカード
d21111802,dカードゴールド,dカード
d21112502,dカードゴールド,dカード
d21120202,dカードゴールド,dカード
d21120902,dカードゴールド,dカード
d21121602,dカードゴールド,dカード
d21122302,dカードゴールド,dカード
d21123002,dカードゴールド,dカード
d22010602,dカードゴールド,dカード
d22011302,dカードゴールド,dカード
d22012002,dカードゴールド,dカード
d22012702,dカードゴールド,dカード
d22020302,dカードゴールド,dカード
d22021002,dカードゴールド,dカード
d22021702,dカードゴールド,dカード
d22022402,dカードゴールド,dカード
d22030302,dカードゴールド,dカード
d22031002,dカードゴールド,dカード
d22031702,dカードゴールド,dカード
d22032402,dカードゴールド,dカード
d22033102,dカードゴールド,dカード
d22040702,dカードゴールド,dカード
d22041402,dカードゴールド,dカード
d22042102,dカードゴールド,dカード
d22042802,dカードゴールド,dカード
d22050502,dカードゴールド,dカード
d22051202,dカードゴールド,dカード
d22051902,dカードゴールド,dカード
d22052602,dカードゴールド,dカード
d22060202,dカードゴールド,dカード
d22060902,dカードゴールド,dカード
d22061602,dカードゴールド,dカード
d22062302,dカードゴールド,dカード
